"co_ibge","qt_populacao"
"110001",22787
"110002",109170
"110003",5664
"110004",98280
"110005",16966
"110006",16508
"110007",7968
"110008",13510
"110009",32842
"110010",43594
"110011",55682
"110012",140101
"110013",34149
"110014",16374
"110015",38684
"110018",39220
"110020",517709
"110025",20443
"110026",3767
"110028",62959
"110029",7837
"110030",109651
"110032",22305
"110033",28701
"110034",13720
"110037",12237
"110040",17467
"110045",30649
"110050",7972
"110060",4292
"110070",9095
"110080",24313
"110090",3450
"110092",10191
"110094",15877
"110100",8340
"110110",9228
"110120",6519
"110130",9657
"110140",12168
"110143",6541
"110145",4372
"110146",2309
"110147",3268
"110148",5588
"110149",17557
"110150",12965
"110155",4521
"110160",8459
"110170",11314
"110175",8220
"110180",6790
"120001",14712
"120005",8648
"120010",28028
"120013",13928
"120017",10981
"120020",98916
"120025",19874
"120030",37764
"120032",9884
"120033",20479
"120034",12923
"120035",18057
"120038",17107
"120039",11333
"120040",389001
"120042",15560
"120043",7217
"120045",22402
"120050",44049
"120060",46816
"120070",19170
"120080",17523
"130002",16806
"130006",11533
"130008",9981
"130010",18056
"130014",21781
"130020",15889
"130030",45960
"130040",18210
"130050",33722
"130060",40908
"130063",22495
"130068",26479
"130070",38792
"130080",34869
"130083",14806
"130090",18109
"130100",31130
"130110",32336
"130115",20324
"130120",73576
"130130",24572
"130140",35793
"130150",17985
"130160",28227
"130165",14344
"130170",63454
"130180",25629
"130185",68862
"130190",113917
"130195",11956
"130200",10955
"130210",9420
"130220",11093
"130230",28202
"130240",49469
"130250",111751
"130255",16211
"130260",2303732
"130270",58018
"130280",15815
"130290",66336
"130300",21251
"130310",28123
"130320",16562
"130330",25325
"130340",101855
"130350",20229
"130353",33291
"130356",25364
"130360",13947
"130370",30679
"130380",57396
"130390",35442
"130395",12338
"130400",12619
"130406",73348
"130410",20728
"130420",80137
"130423",20257
"130426",15640
"130430",19617
"130440",25965
"140002",16112
"140005",23589
"140010",485477
"140015",15570
"140017",21102
"140020",22750
"140023",12004
"140028",10937
"140030",20006
"140040",16323
"140045",23112
"140047",37787
"140050",9969
"140060",7848
"140070",16186
"150010",172344
"150013",6275
"150020",63110
"150030",40473
"150034",17596
"150040",75882
"150050",36442
"150060",138749
"150070",30247
"150080",509227
"150085",35638
"150090",47912
"150095",24193
"150100",19380
"150110",35147
"150120",56850
"150125",4290
"150130",139076
"150140",1397315
"150145",19075
"150150",68962
"150157",19129
"150160",12961
"150170",132489
"150172",27130
"150175",6966
"150178",47066
"150180",116058
"150190",25065
"150195",19223
"150200",25467
"150210",144859
"150215",89524
"150220",75309
"150230",60318
"150240",209126
"150250",21501
"150260",13625
"150270",47144
"150275",28270
"150276",15150
"150277",20975
"150280",36814
"150285",14954
"150290",44880
"150293",62823
"150295",29287
"150300",9167
"150304",18595
"150307",25558
"150309",26703
"150310",34137
"150320",37925
"150330",69446
"150340",10784
"150345",29264
"150350",32740
"150360",135369
"150370",52201
"150375",26579
"150380",37726
"150390",54255
"150400",32088
"150405",37473
"150410",8439
"150420",290975
"150430",27129
"150440",28159
"150442",119437
"150445",28677
"150450",30080
"150460",28903
"150470",91760
"150475",25818
"150480",64002
"150490",49648
"150495",21304
"150497",14400
"150500",13175
"150503",37054
"150506",63796
"150510",55527
"150520",36734
"150530",72889
"150540",18783
"150543",35252
"150548",43741
"150549",7063
"150550",113498
"150553",305771
"150555",7354
"150560",8686
"150563",13366
"150565",18510
"150570",25736
"150580",67580
"150590",44121
"150600",38733
"150610",11379
"150611",11838
"150613",92694
"150616",19190
"150618",57031
"150619",37198
"150620",48663
"150630",25687
"150635",22530
"150640",7626
"150650",79195
"150655",21295
"150658",17065
"150660",25815
"150670",30455
"150680",360871
"150690",6355
"150700",29234
"150710",17258
"150715",21555
"150720",32554
"150730",64651
"150740",15429
"150745",24929
"150746",4470
"150747",21477
"150750",14293
"150760",55970
"150770",27651
"150775",6212
"150780",24989
"150790",25315
"150795",75290
"150796",10837
"150797",19792
"150800",73058
"150803",30494
"150805",15550
"150808",42883
"150810",96119
"150812",39360
"150815",45962
"150820",54062
"150830",62189
"150835",16552
"150840",57768
"160005",5003
"160010",8440
"160015",13888
"160020",11461
"160021",4723
"160023",7184
"160025",6097
"160027",37872
"160030",489676
"160040",23773
"160050",30786
"160053",19048
"160055",4048
"160060",118803
"160070",13816
"160080",11899
"170025",2682
"170030",4502
"170035",5196
"170040",6483
"170070",9128
"170100",10700
"170105",2903
"170110",5110
"170130",5330
"170190",6022
"170200",8242
"170210",183024
"170215",4300
"170220",33286
"170230",5488
"170240",10511
"170255",18237
"170270",3418
"170290",10732
"170300",7636
"170305",3555
"170307",4667
"170310",4890
"170320",4307
"170330",4201
"170360",2013
"170370",4774
"170380",10696
"170382",1982
"170384",8990
"170386",4166
"170388",2242
"170389",3344
"170390",5028
"170410",2111
"170460",1574
"170510",3176
"170550",36209
"170555",4906
"170560",3942
"170600",5540
"170610",6392
"170625",1494
"170650",6093
"170700",17966
"170710",7343
"170720",6352
"170730",4304
"170740",7385
"170755",3503
"170765",5334
"170770",7784
"170820",19473
"170825",3741
"170830",4832
"170900",12851
"170930",25831
"170950",90209
"170980",1626
"171050",6959
"171070",5160
"171090",3685
"171110",2464
"171150",3396
"171180",2308
"171190",16629
"171195",3613
"171200",3559
"171215",1676
"171240",2950
"171245",2811
"171250",4793
"171270",2922
"171280",3171
"171320",18679
"171330",13073
"171360",5667
"171370",2521
"171380",4850
"171395",3501
"171420",8956
"171430",4672
"171488",10600
"171500",3382
"171510",4118
"171515",1817
"171525",2251
"171550",1220
"171570",4905
"171575",7104
"171610",55704
"171620",10877
"171630",4057
"171650",14895
"171660",9384
"171665",5035
"171670",9155
"171700",4599
"171720",2229
"171750",7408
"171780",4280
"171790",7874
"171800",2960
"171820",69551
"171830",9552
"171840",3016
"171845",2223
"171850",3454
"171855",4029
"171865",1827
"171870",2845
"171875",4718
"171880",4397
"171884",3900
"171886",7533
"171888",2716
"171889",2299
"171890",4799
"171900",2907
"172000",2461
"172010",6004
"172015",1897
"172020",14116
"172025",2356
"172030",4182
"172049",4554
"172065",5259
"172080",11446
"172085",1591
"172090",14199
"172093",2092
"172097",2505
"172100",328499
"172110",7802
"172120",23225
"172125",2024
"172130",1886
"172208",10734
"172210",10636
"210005",110611
"210010",6303
"210015",12461
"210020",18721
"210030",23776
"210040",6549
"210043",24528
"210047",26321
"210050",11392
"210055",7380
"210060",38335
"210070",26250
"210080",14113
"210083",18033
"210087",11297
"210090",40231
"210095",26089
"210100",30555
"210110",12091
"210120",107755
"210125",17459
"210130",16591
"210135",5375
"210140",105974
"210150",19493
"210160",87757
"210170",68234
"210173",8751
"210177",12104
"210180",5599
"210190",19968
"210193",5989
"210197",7781
"210200",33936
"210203",29606
"210207",12371
"210210",35354
"210215",9363
"210220",30866
"210230",22938
"210232",56733
"210235",13125
"210237",10032
"210240",10336
"210250",16680
"210255",12536
"210260",20440
"210270",25059
"210275",11681
"210280",24619
"210290",24906
"210300",163546
"210310",10446
"210312",7220
"210315",12693
"210317",16477
"210320",84395
"210325",13141
"210330",118283
"210340",42841
"210350",41788
"210355",15278
"210360",61337
"210370",32602
"210375",14828
"210380",23594
"210390",10443
"210400",18734
"210405",34321
"210407",8237
"210408",11219
"210409",18150
"210410",12963
"210420",17347
"210430",10424
"210440",17580
"210450",10476
"210455",18963
"210460",14264
"210462",7216
"210465",10993
"210467",23526
"210470",6160
"210480",76837
"210490",10439
"210500",26550
"210510",25332
"210515",14383
"210520",10461
"210530",285806
"210535",14142
"210540",62264
"210542",22896
"210545",7593
"210547",17529
"210550",25311
"210560",15227
"210565",5282
"210570",45865
"210580",9687
"210590",15069
"210592",10806
"210594",8962
"210596",11731
"210598",7232
"210600",11559
"210610",11884
"210620",7366
"210630",13933
"210632",21730
"210635",7153
"210637",14092
"210640",17581
"210650",22540
"210660",33327
"210663",18021
"210667",9065
"210670",21536
"210675",24373
"210680",14298
"210690",28563
"210700",9306
"210710",19015
"210720",14589
"210725",5148
"210730",4409
"210735",14379
"210740",18288
"210745",13921
"210750",153158
"210760",21657
"210770",18589
"210780",32232
"210790",17591
"210800",19266
"210805",17578
"210810",20798
"210820",38252
"210825",24955
"210830",33496
"210840",11229
"210845",20903
"210850",32542
"210860",88091
"210870",22374
"210880",18132
"210890",17394
"210900",24571
"210905",6092
"210910",46606
"210920",11616
"210923",4717
"210927",17925
"210930",10791
"210940",13920
"210945",32156
"210950",22740
"210955",7601
"210960",39761
"210970",6234
"210975",6833
"210980",43200
"210990",88249
"211000",58839
"211003",24890
"211010",24495
"211020",38542
"211023",10759
"211027",14287
"211030",14628
"211040",18810
"211050",48166
"211060",27910
"211065",8236
"211070",35247
"211080",4491
"211085",9202
"211090",12360
"211100",18889
"211102",12360
"211105",10091
"211107",17253
"211110",25910
"211120",259164
"211125",7094
"211130",1089215
"211140",18123
"211150",40177
"211153",14786
"211157",5993
"211160",19158
"211163",5761
"211167",4577
"211170",19865
"211172",8821
"211174",10447
"211176",15044
"211178",10475
"211180",17464
"211190",10471
"211195",5081
"211200",9130
"211210",27328
"211220",182711
"211223",23097
"211227",5633
"211230",37364
"211240",38993
"211245",33219
"211250",55076
"211260",34143
"211270",44444
"211280",53176
"211285",10561
"211290",31859
"211300",31920
"211400",41815
"220005",6323
"220010",5016
"220020",18095
"220025",6876
"220027",4707
"220030",13729
"220040",50094
"220045",5474
"220050",17594
"220060",6991
"220070",9649
"220080",3234
"220090",5413
"220095",2777
"220100",4517
"220105",7596
"220110",11118
"220115",13983
"220117",4099
"220120",49703
"220130",3336
"220140",6731
"220150",27129
"220155",4225
"220157",3515
"220160",10093
"220170",5715
"220173",6596
"220177",7140
"220180",4118
"220190",30658
"220191",5805
"220192",6117
"220194",6751
"220196",8684
"220198",3964
"220200",20130
"220202",7517
"220205",10466
"220207",3135
"220208",8246
"220209",5602
"220210",4964
"220211",4698
"220213",6211
"220217",7669
"220220",47119
"220225",3404
"220230",19639
"220240",11362
"220245",4071
"220250",10546
"220253",5581
"220255",5176
"220260",19669
"220265",5682
"220270",29302
"220271",5046
"220272",6596
"220273",4249
"220275",6294
"220277",7067
"220280",5078
"220285",4291
"220290",28381
"220300",7431
"220310",10801
"220320",11581
"220323",4977
"220325",4555
"220327",5191
"220330",17139
"220335",7259
"220340",6410
"220342",4129
"220345",9332
"220350",13743
"220360",4421
"220370",42710
"220375",5426
"220380",4512
"220385",2354
"220390",64393
"220400",4481
"220410",4548
"220415",2985
"220420",8349
"220430",10344
"220435",5604
"220440",11193
"220450",10480
"220455",4344
"220460",3550
"220465",9522
"220470",15268
"220480",9627
"220490",7867
"220500",10969
"220510",10477
"220515",5711
"220520",17789
"220525",4235
"220527",4560
"220530",4606
"220535",3033
"220540",14265
"220545",5552
"220550",44689
"220551",5308
"220552",5501
"220553",4501
"220554",3044
"220555",8464
"220556",5171
"220557",6446
"220558",5017
"220559",4559
"220560",5309
"220570",31901
"220580",26143
"220585",8231
"220590",5315
"220595",8822
"220600",4863
"220605",5165
"220610",10886
"220620",33074
"220630",1355
"220635",6681
"220640",10513
"220650",7762
"220660",10928
"220665",4456
"220667",6548
"220669",10210
"220670",6697
"220672",10821
"220675",5442
"220680",8751
"220690",6158
"220695",2888
"220700",39687
"220710",2730
"220720",6468
"220730",4176
"220735",3032
"220740",5047
"220750",13458
"220755",3873
"220760",10282
"220770",170491
"220775",4222
"220777",5427
"220779",3979
"220780",21633
"220785",3697
"220790",39072
"220793",2517
"220795",4142
"220800",86701
"220810",11487
"220820",17948
"220830",29721
"220840",67887
"220850",12323
"220855",2382
"220860",3096
"220865",8948
"220870",8565
"220880",17400
"220885",4238
"220887",4105
"220890",6182
"220900",5845
"220910",5872
"220915",3448
"220920",6210
"220930",5418
"220935",4159
"220937",4666
"220940",5930
"220945",2169
"220950",3682
"220955",4454
"220960",2879
"220965",5713
"220970",5358
"220975",3026
"220980",4985
"220985",4359
"220987",5608
"220990",6232
"220995",4430
"220997",8494
"221000",22137
"221005",5317
"221010",3300
"221020",6733
"221030",6131
"221035",4497
"221037",2277
"221038",2299
"221039",2864
"221040",17911
"221050",14055
"221060",41139
"221062",3210
"221063",4590
"221065",9623
"221070",14664
"221080",14437
"221090",4165
"221093",6346
"221095",3040
"221097",2319
"221100",905692
"221110",47896
"221120",26779
"221130",23025
"221135",5181
"221140",4520
"221150",3282
"221160",2972
"221170",4195
"230010",10269
"230015",14340
"230020",69317
"230030",45937
"230040",14115
"230050",11795
"230060",6974
"230070",14372
"230075",44584
"230080",7507
"230090",13193
"230100",85316
"230110",79205
"230120",26752
"230125",11532
"230130",20194
"230140",11427
"230150",7615
"230160",22195
"230170",24244
"230180",5821
"230185",17667
"230190",81441
"230195",23474
"230200",19569
"230205",14998
"230210",37147
"230220",55977
"230230",34613
"230240",52133
"230250",54192
"230260",65251
"230270",26049
"230280",77376
"230290",17795
"230300",16234
"230310",18074
"230320",27532
"230330",17277
"230340",17815
"230350",76866
"230360",9110
"230365",10864
"230370",378406
"230380",22564
"230390",12811
"230393",12352
"230395",20808
"230400",21417
"230410",80130
"230420",139027
"230423",18050
"230425",32288
"230426",9173
"230427",6381
"230428",82016
"230430",18498
"230435",25298
"230440",2578483
"230445",18213
"230450",16516
"230460",6929
"230465",14176
"230470",55809
"230480",4955
"230490",11369
"230495",25158
"230500",44565
"230510",5826
"230520",18186
"230523",81161
"230526",12149
"230530",24689
"230533",12008
"230535",22562
"230540",64745
"230550",102588
"230560",24463
"230565",11963
"230570",12459
"230580",43084
"230590",38287
"230600",14440
"230610",24867
"230620",7801
"230625",72512
"230630",49073
"230640",138978
"230650",18197
"230655",45852
"230660",21160
"230670",17604
"230680",10668
"230690",35143
"230700",33115
"230710",28801
"230720",8114
"230725",28198
"230730",305531
"230740",24624
"230750",32163
"230760",62623
"230763",17235
"230765",251613
"230770",108622
"230780",27177
"230790",11280
"230800",39840
"230810",47501
"230820",15853
"230830",26819
"230835",14713
"230837",14826
"230840",38997
"230850",38451
"230860",17705
"230870",65390
"230880",8537
"230890",23747
"230900",13999
"230910",11064
"230920",16045
"230930",32053
"230940",29097
"230945",25272
"230950",19943
"230960",75454
"230970",86564
"230980",11421
"230990",6348
"231000",9709
"231010",10252
"231020",41894
"231025",34086
"231030",32867
"231040",10462
"231050",42227
"231060",9357
"231070",39903
"231080",15858
"231085",24919
"231090",17285
"231095",10984
"231100",12441
"231110",17877
"231120",8854
"231123",6128
"231126",20545
"231130",88846
"231135",16998
"231140",86431
"231150",21659
"231160",28382
"231170",19051
"231180",74834
"231190",13943
"231195",17303
"231200",32133
"231210",17391
"231220",41569
"231230",50058
"231240",58191
"231250",5683
"231260",10888
"231270",25108
"231280",7551
"231290",216519
"231300",18785
"231310",32122
"231320",25287
"231325",7574
"231330",64655
"231335",17646
"231340",86968
"231350",62004
"231355",15524
"231360",34424
"231370",6963
"231375",17751
"231380",21331
"231390",14308
"231395",18708
"231400",40878
"231410",62972
"240010",10855
"240020",59099
"240030",11158
"240040",3029
"240050",14058
"240060",4802
"240070",12874
"240080",11985
"240090",6730
"240100",37486
"240110",24607
"240120",13681
"240130",10071
"240140",9115
"240145",28415
"240150",4108
"240160",4911
"240165",2360
"240170",10308
"240180",12638
"240185",6479
"240190",3360
"240200",63338
"240210",10510
"240220",30789
"240230",20182
"240240",8296
"240250",10026
"240260",83543
"240270",11334
"240280",5233
"240290",4297
"240300",8245
"240310",42922
"240320",7262
"240325",271713
"240330",6289
"240340",5461
"240350",10951
"240360",68584
"240370",6472
"240375",3035
"240380",10556
"240390",2758
"240400",4230
"240410",2159
"240420",28422
"240430",12231
"240440",10281
"240450",16076
"240460",11889
"240470",14560
"240480",2090
"240485",7551
"240490",5447
"240500",8053
"240510",6752
"240520",4813
"240530",8843
"240540",5219
"240550",2488
"240560",14446
"240570",11942
"240580",34849
"240590",2073
"240600",5966
"240610",18304
"240615",3868
"240620",6756
"240630",7597
"240640",2631
"240650",16203
"240660",8657
"240670",10094
"240680",4950
"240690",3576
"240700",9271
"240710",87056
"240720",28350
"240725",4086
"240730",8083
"240740",8415
"240750",10534
"240760",4410
"240770",11785
"240780",23953
"240790",2345
"240800",278587
"240810",784249
"240820",34325
"240830",35523
"240840",3736
"240850",5084
"240860",4048
"240870",3650
"240880",4945
"240890",22242
"240895",10692
"240910",11407
"240920",3233
"240930",11215
"240933",5000
"240940",32123
"240950",3736
"240960",2495
"240970",6312
"240980",14197
"240990",12499
"241000",2992
"241010",12565
"241020",7859
"241025",5351
"241030",11203
"241040",9752
"241050",5682
"241060",3005
"241070",2724
"241080",4245
"241090",7646
"241100",4345
"241105",5748
"241110",3253
"241120",39101
"241140",12722
"241142",2796
"241150",22793
"241160",3442
"241170",3890
"241180",3606
"241190",4319
"241200",124495
"241210",6136
"241220",50053
"241230",11298
"241240",4733
"241250",24422
"241255",10636
"241260",17371
"241270",5890
"241280",7889
"241290",10161
"241300",6530
"241310",6027
"241320",4202
"241330",5866
"241335",13819
"241340",7800
"241350",6608
"241355",4810
"241360",5616
"241370",4746
"241380",2409
"241390",11708
"241400",13583
"241410",10610
"241415",6152
"241420",18080
"241430",2424
"241440",34767
"241445",3477
"241450",10655
"241460",14048
"241470",5387
"241475",3005
"241480",11053
"241490",1900
"241500",3304
"250010",9580
"250020",5026
"250030",26655
"250040",21823
"250050",14140
"250053",5806
"250057",3143
"250060",23065
"250070",18500
"250073",2328
"250077",8257
"250080",16991
"250090",12482
"250100",17360
"250110",23031
"250115",2027
"250120",7434
"250130",19142
"250135",4383
"250140",9741
"250150",24134
"250153",5010
"250157",8247
"250160",13024
"250170",6123
"250180",83862
"250190",16710
"250200",6272
"250205",3677
"250210",5246
"250215",6592
"250220",2328
"250230",4720
"250240",10433
"250250",18216
"250260",5719
"250270",4185
"250280",14095
"250290",5816
"250300",21942
"250310",5537
"250320",70734
"250330",9335
"250340",3344
"250350",16332
"250355",7513
"250360",6684
"250370",66585
"250375",2760
"250380",5942
"250390",6327
"250400",443911
"250403",7446
"250407",4067
"250410",2365
"250415",7052
"250420",4556
"250430",32288
"250435",5544
"250440",18731
"250450",6629
"250460",30007
"250470",5124
"250480",14987
"250485",1888
"250490",17821
"250500",7842
"250510",20208
"250520",6890
"250523",6441
"250527",5415
"250530",2316
"250535",5141
"250540",8314
"250550",3772
"250560",6416
"250570",10638
"250580",3360
"250590",3036
"250600",32599
"250610",11307
"250620",2911
"250625",8398
"250630",60057
"250640",14141
"250650",3352
"250660",5713
"250670",10497
"250680",18234
"250690",23558
"250700",24766
"250710",19165
"250720",10840
"250730",14969
"250740",7728
"250750",897633
"250760",8088
"250770",17520
"250780",7019
"250790",10255
"250800",9380
"250810",4489
"250820",8123
"250830",29209
"250840",3316
"250850",7041
"250855",5107
"250860",13088
"250870",3599
"250880",6288
"250890",46966
"250900",10699
"250905",9537
"250910",22170
"250915",7001
"250920",14756
"250930",8650
"250933",4759
"250937",2584
"250939",6717
"250940",14435
"250950",6144
"250960",4429
"250970",33886
"250980",8909
"250990",8935
"251000",7394
"251010",9840
"251020",5897
"251030",4359
"251040",6059
"251050",3675
"251060",3000
"251065",1745
"251070",2580
"251080",108104
"251090",12172
"251100",3851
"251110",6980
"251120",31356
"251130",17088
"251140",18862
"251150",12889
"251160",6974
"251170",5539
"251180",9411
"251190",17166
"251200",18038
"251203",3934
"251207",4126
"251210",33866
"251220",4032
"251230",21674
"251240",14942
"251250",50698
"251260",1803
"251270",18399
"251272",5932
"251274",2945
"251275",4911
"251276",4989
"251278",2063
"251280",8788
"251290",25500
"251300",3435
"251310",11741
"251315",8113
"251320",6013
"251330",6023
"251335",3256
"251340",15418
"251350",5090
"251360",6618
"251365",2607
"251370",160852
"251380",4492
"251385",2708
"251390",33845
"251392",4490
"251394",2688
"251396",2624
"251398",3176
"251400",4345
"251410",4359
"251420",7251
"251430",4966
"251440",4056
"251445",6137
"251450",19561
"251455",3323
"251460",3337
"251465",1750
"251470",4283
"251480",3462
"251490",7629
"251500",7307
"251510",11387
"251520",3382
"251530",53457
"251540",10652
"251550",14131
"251560",3156
"251570",3056
"251580",6975
"251590",4754
"251593",5332
"251597",8646
"251600",27748
"251610",14409
"251615",3476
"251620",70066
"251630",17852
"251640",7794
"251650",14358
"251660",14473
"251670",15129
"251675",3082
"251680",10315
"251690",15431
"251700",9274
"251710",2777
"251720",4967
"251740",2323
"260005",104248
"260010",42672
"260020",19409
"260030",24680
"260040",26981
"260050",43822
"260060",14460
"260070",37349
"260080",21134
"260090",18335
"260100",10591
"260105",19996
"260110",90504
"260120",82487
"260130",12601
"260140",42083
"260150",10798
"260160",18648
"260170",84033
"260180",11961
"260190",65007
"260200",36145
"260210",46202
"260220",39289
"260230",39212
"260240",9417
"260250",8033
"260260",51308
"260270",13276
"260280",53489
"260290",218049
"260300",31762
"260310",20673
"260320",30571
"260330",11453
"260340",5354
"260345",156112
"260350",18018
"260360",7962
"260370",25103
"260380",18854
"260390",19533
"260392",12712
"260400",83482
"260410",405408
"260415",13468
"260420",33086
"260430",10843
"260440",13496
"260450",21258
"260460",25416
"260470",17670
"260480",10426
"260490",16215
"260500",24343
"260510",39609
"260515",17850
"260520",62174
"260530",33486
"260540",22222
"260545",3341
"260550",15955
"260560",20776
"260570",31702
"260580",14055
"260590",17583
"260600",151803
"260610",30420
"260620",85497
"260630",7217
"260640",92429
"260650",17570
"260660",28825
"260670",7334
"260680",123017
"260690",11347
"260700",27758
"260710",4975
"260720",106539
"260730",30720
"260740",4491
"260750",33995
"260760",25658
"260765",36652
"260770",14236
"260775",29669
"260780",17142
"260790",684293
"260795",10440
"260800",16328
"260805",14477
"260810",28842
"260820",13416
"260825",12023
"260830",16022
"260840",14002
"260845",18804
"260850",19863
"260860",12367
"260870",14333
"260875",24951
"260880",41960
"260890",59236
"260900",24642
"260910",11387
"260915",27046
"260920",9322
"260930",14605
"260940",57654
"260950",32187
"260960",364717
"260970",22412
"260980",14129
"260990",68489
"261000",56475
"261010",7104
"261020",23337
"261030",12778
"261040",18960
"261050",29744
"261060",59924
"261070",365144
"261080",23671
"261090",65481
"261100",36104
"261110",418444
"261120",10792
"261130",26942
"261140",14380
"261150",17731
"261153",6753
"261160",1588376
"261170",21490
"261180",33843
"261190",20388
"261200",11213
"261210",5478
"261220",65946
"261230",14125
"261240",18812
"261245",14342
"261247",11934
"261250",104854
"261255",12360
"261260",42782
"261270",14586
"261280",10487
"261290",13456
"261300",51165
"261310",39243
"261320",24895
"261330",20438
"261340",19511
"261350",36890
"261360",32508
"261370",118258
"261380",17177
"261390",98816
"261400",18764
"261410",34271
"261420",39171
"261430",10839
"261440",5386
"261450",67821
"261460",29180
"261470",14330
"261480",24898
"261485",24670
"261500",25511
"261510",6853
"261520",9231
"261530",47312
"261540",43921
"261550",14439
"261560",32257
"261570",15141
"261580",28141
"261590",8261
"261600",17563
"261610",9483
"261618",7776
"261620",23127
"261630",27151
"261640",144243
"261650",11699
"270010",19550
"270020",14167
"270030",243906
"270040",38480
"270050",16756
"270060",8123
"270070",17103
"270080",4819
"270090",5895
"270100",21479
"270110",9779
"270120",10705
"270130",16572
"270135",6808
"270140",32558
"270150",8285
"270160",15730
"270170",15051
"270180",9206
"270190",6000
"270200",11036
"270210",15915
"270220",5701
"270230",51784
"270235",26144
"270240",52845
"270250",9898
"270255",15688
"270260",23204
"270270",4035
"270280",9745
"270290",37337
"270300",13982
"270310",24445
"270320",22113
"270330",15396
"270340",5180
"270350",5419
"270360",9457
"270370",5069
"270375",9607
"270380",17342
"270390",4175
"270400",24382
"270410",18836
"270420",25184
"270430",994952
"270440",17828
"270450",33269
"270460",9709
"270470",62477
"270480",13970
"270490",3208
"270500",22126
"270510",24331
"270520",15706
"270530",4935
"270540",7344
"270550",25926
"270560",10285
"270570",21135
"270580",8522
"270590",4381
"270600",11047
"270610",11706
"270620",4408
"270630",73621
"270640",24291
"270642",10807
"270644",14199
"270650",14070
"270660",6691
"270670",60185
"270680",16192
"270690",36525
"270700",2786
"270710",23053
"270720",12965
"270730",24509
"270740",9517
"270750",20273
"270760",11303
"270770",97658
"270780",6606
"270790",7066
"270800",47418
"270810",11572
"270820",6557
"270830",21180
"270840",31569
"270850",31785
"270860",53380
"270870",8700
"270880",32707
"270890",25105
"270895",12545
"270900",5906
"270910",19428
"270915",39143
"270920",24106
"270930",60860
"270940",24414
"280010",2202
"280020",20556
"280030",630932
"280040",10464
"280050",18626
"280060",45175
"280067",25007
"280070",8025
"280100",18719
"280110",3850
"280120",33641
"280130",32783
"280140",20314
"280150",14203
"280160",5474
"280170",17594
"280190",3872
"280200",4436
"280210",67060
"280220",6358
"280230",14921
"280240",11294
"280250",3118
"280260",5910
"280270",8499
"280280",16991
"280290",109250
"280300",42230
"280310",4816
"280320",36074
"280330",16451
"280340",13723
"280350",105957
"280360",24047
"280370",7048
"280380",3674
"280390",11712
"280400",15956
"280410",11297
"280420",14781
"280430",8059
"280440",16473
"280445",9534
"280450",43686
"280460",25569
"280470",6409
"280480",204081
"280490",12690
"280500",2811
"280510",7355
"280520",5759
"280530",8021
"280540",29238
"280550",22217
"280560",27348
"280570",27213
"280580",18541
"280590",8853
"280600",17365
"280610",9507
"280620",20825
"280630",14003
"280640",7549
"280650",4049
"280660",11289
"280670",101213
"280680",10559
"280690",3330
"280700",3471
"280710",44503
"280720",7981
"280730",3389
"280740",52783
"280750",12094
"280760",24618
"290010",7407
"290020",18269
"290030",14200
"290035",14510
"290040",14833
"290050",10947
"290060",4583
"290070",161196
"290080",25601
"290090",5296
"290100",38585
"290110",24830
"290115",15572
"290120",26745
"290130",13545
"290135",15491
"290140",14178
"290150",11490
"290160",14984
"290170",11498
"290180",11248
"290190",16361
"290195",7101
"290200",14440
"290205",11953
"290210",50308
"290220",10106
"290225",10433
"290230",8993
"290240",11339
"290250",14138
"290260",18628
"290265",12288
"290270",53642
"290280",27743
"290290",38581
"290300",14376
"290310",5898
"290320",171634
"290323",13922
"290327",15780
"290330",5936
"290340",20527
"290350",19074
"290360",15603
"290370",14008
"290380",17262
"290390",68866
"290395",10018
"290400",14125
"290405",16425
"290410",19782
"290420",11427
"290430",13224
"290440",9363
"290450",12180
"290460",74368
"290470",14950
"290475",20221
"290480",6128
"290485",17024
"290490",30498
"290500",23293
"290510",10733
"290515",11432
"290520",54730
"290530",18057
"290540",18578
"290550",13597
"290560",22485
"290570",321636
"290580",31694
"290590",32500
"290600",75112
"290610",10641
"290620",25007
"290630",34392
"290640",7940
"290650",74854
"290660",13417
"290670",26469
"290680",39725
"290682",16693
"290685",11035
"290687",35437
"290689",10259
"290690",21384
"290700",8633
"290710",30439
"290720",76131
"290730",25470
"290740",3567
"290750",50109
"290755",9108
"290760",16847
"290770",10933
"290780",32292
"290790",17875
"290800",17557
"290810",19865
"290820",21529
"290830",16134
"290840",71601
"290850",37622
"290860",24460
"290870",17567
"290880",4499
"290890",28408
"290900",7748
"290910",14463
"290920",17598
"290930",34266
"290940",13463
"290950",4491
"290960",20346
"290970",14549
"290980",63326
"290990",36127
"291000",11054
"291005",75296
"291010",12329
"291020",4608
"291030",8069
"291040",19450
"291050",39890
"291060",34163
"291070",64768
"291072",121067
"291075",18480
"291077",5831
"291080",660806
"291085",18637
"291090",4993
"291100",11455
"291110",27567
"291120",34051
"291125",4489
"291130",11276
"291140",16107
"291150",5479
"291160",21353
"291165",8177
"291170",93488
"291180",19413
"291185",13055
"291190",25315
"291200",10746
"291210",22131
"291220",21827
"291230",14264
"291240",17134
"291250",14317
"291260",3833
"291270",26917
"291280",9297
"291290",19377
"291300",15049
"291310",17517
"291320",27723
"291330",6428
"291340",16069
"291345",13501
"291350",21763
"291360",189149
"291370",35390
"291380",14016
"291390",42429
"291400",59222
"291410",10349
"291420",6232
"291430",11038
"291440",24833
"291450",29572
"291460",78781
"291465",29588
"291470",68425
"291480",196344
"291490",29496
"291500",13775
"291510",14347
"291520",15796
"291530",6490
"291535",12669
"291540",6118
"291550",19191
"291560",61999
"291570",7187
"291580",25088
"291590",6078
"291600",18203
"291610",20353
"291620",10649
"291630",9464
"291640",68724
"291650",33284
"291660",10640
"291670",8464
"291680",17485
"291685",16454
"291690",11211
"291700",35490
"291710",16849
"291720",18506
"291730",22154
"291733",11559
"291735",9600
"291740",14910
"291750",86896
"291760",47624
"291770",34528
"291780",18349
"291790",9508
"291800",169201
"291810",39539
"291820",14063
"291830",14824
"291835",25892
"291840",256122
"291845",9930
"291850",17007
"291855",6048
"291860",7567
"291870",4228
"291875",14550
"291880",21705
"291890",3994
"291900",3610
"291905",7683
"291910",9303
"291915",27014
"291920",219564
"291930",11194
"291940",12202
"291950",46376
"291955",118382
"291960",10740
"291970",22768
"291980",43653
"291990",7435
"291992",19224
"291995",7218
"292000",9009
"292010",18130
"292020",15814
"292030",8982
"292040",14287
"292045",14542
"292050",29330
"292060",37041
"292070",25804
"292080",9475
"292090",13918
"292100",44962
"292105",10611
"292110",22801
"292120",25263
"292130",11436
"292140",16167
"292145",10526
"292150",49807
"292160",8220
"292170",35235
"292180",11477
"292190",12712
"292200",40114
"292205",13648
"292210",17197
"292220",7453
"292225",10803
"292230",30180
"292240",20590
"292250",28427
"292260",12399
"292265",19711
"292270",13970
"292273",8283
"292275",6696
"292280",8073
"292285",7670
"292290",24865
"292300",41629
"292303",11586
"292305",11060
"292310",22956
"292320",21323
"292330",7925
"292335",20141
"292340",20666
"292350",10894
"292360",21025
"292370",30680
"292380",27860
"292390",9537
"292400",119418
"292405",13677
"292410",6403
"292420",14226
"292430",20938
"292440",37388
"292450",15125
"292460",19601
"292465",10654
"292467",11481
"292470",9143
"292480",17697
"292490",8239
"292500",24026
"292510",50773
"292520",33573
"292525",18763
"292530",182630
"292540",10651
"292550",37533
"292560",15677
"292570",12963
"292575",29489
"292580",27429
"292590",26443
"292593",9839
"292595",20081
"292600",42855
"292610",14174
"292620",22329
"292630",35188
"292640",32060
"292650",14528
"292660",56316
"292665",10029
"292670",13634
"292680",13495
"292690",10781
"292700",36966
"292710",10884
"292720",29590
"292730",15629
"292740",2564204
"292750",21787
"292760",15417
"292770",31007
"292780",4663
"292790",10625
"292800",40066
"292805",14392
"292810",40474
"292820",25521
"292830",9035
"292840",28890
"292850",10882
"292860",58398
"292870",109791
"292880",55146
"292890",34982
"292895",8690
"292900",11102
"292905",15780
"292910",20923
"292920",41110
"292925",19229
"292930",42171
"292935",5432
"292937",10576
"292940",10615
"292950",42944
"292960",18656
"292970",16476
"292975",11859
"292980",10661
"292990",48721
"293000",9581
"293010",78090
"293015",36252
"293020",40232
"293030",17574
"293040",18754
"293050",84690
"293060",13863
"293070",120419
"293075",13982
"293076",14435
"293077",27097
"293080",17724
"293090",12368
"293100",21787
"293105",17812
"293110",7991
"293120",18556
"293130",16226
"293135",153738
"293140",7280
"293150",21825
"293160",15978
"293170",10976
"293180",16646
"293190",51016
"293200",25449
"293210",19142
"293220",17878
"293230",15839
"293240",13886
"293245",13785
"293250",18254
"293260",15776
"293270",22155
"293280",16645
"293290",90053
"293300",25132
"293305",14294
"293310",8334
"293315",13866
"293317",10328
"293320",45191
"293325",6157
"293330",396613
"293340",9866
"293345",13460
"293350",25535
"293360",47019
"310010",6345
"310020",23173
"310030",14354
"310040",3998
"310050",8926
"310060",12391
"310070",2171
"310080",4509
"310090",18850
"310100",14567
"310110",26212
"310120",6389
"310130",2820
"310140",3027
"310150",31159
"310160",82303
"310163",7236
"310170",42019
"310180",7019
"310190",18673
"310200",14272
"310205",6014
"310210",10931
"310220",3983
"310230",15358
"310240",4359
"310250",4574
"310260",42501
"310270",9347
"310280",12163
"310285",7849
"310290",11350
"310300",9375
"310310",1552
"310320",2222
"310330",2095
"310340",35185
"310350",123432
"310360",2998
"310370",8218
"310375",9069
"310380",2668
"310390",9634
"310400",118786
"310410",9335
"310420",43653
"310430",14229
"310440",2715
"310445",4820
"310450",17586
"310460",14633
"310470",13936
"310480",4572
"310490",18782
"310500",7595
"310510",24203
"310520",4811
"310530",6183
"310540",32264
"310550",4952
"310560",129695
"310570",5717
"310590",20604
"310600",10427
"310610",3292
"310620",2415872
"310630",24546
"310640",9012
"310650",9638
"310660",4546
"310665",4270
"310670",431433
"310680",3367
"310690",14358
"310700",2397
"310710",41443
"310720",5530
"310730",49797
"310740",54377
"310750",6988
"310760",4677
"310770",5786
"310780",14719
"310790",13312
"310800",17515
"310810",7710
"310820",5600
"310825",10525
"310830",17837
"310840",15141
"310850",5806
"310855",15485
"310860",33262
"310870",4296
"310880",4445
"310890",14491
"310900",41090
"310910",11168
"310920",9171
"310925",4159
"310930",24779
"310940",23908
"310945",6811
"310950",11269
"310960",3785
"310970",12302
"310980",2337
"310990",11906
"311000",39775
"311010",5484
"311020",4191
"311030",14628
"311040",2851
"311050",27860
"311060",31066
"311070",12551
"311080",2884
"311090",16372
"311100",21155
"311110",18188
"311115",3806
"311120",54027
"311130",11625
"311140",8931
"311150",13076
"311160",26749
"311170",4839
"311180",10716
"311190",5342
"311200",14211
"311205",4029
"311210",5138
"311220",4397
"311230",41858
"311240",6627
"311250",11210
"311260",14872
"311265",4634
"311270",14403
"311280",10991
"311290",9128
"311300",19511
"311310",2942
"311320",24403
"311330",32134
"311340",90890
"311350",8603
"311360",7062
"311370",18783
"311380",2693
"311390",11767
"311400",11291
"311410",14125
"311420",24581
"311430",29885
"311440",21506
"311450",18561
"311455",9633
"311460",4161
"311470",3419
"311480",4503
"311490",2260
"311500",2751
"311510",17491
"311520",3576
"311530",67732
"311535",5706
"311540",3124
"311545",7248
"311547",4788
"311550",21412
"311560",1084
"311570",6213
"311580",10447
"311590",3194
"311600",6289
"311610",9763
"311615",12904
"311620",2868
"311630",5549
"311640",4786
"311650",7230
"311660",31936
"311670",7293
"311680",8206
"311690",2804
"311700",6540
"311710",10705
"311720",2840
"311730",30278
"311740",4503
"311750",24559
"311760",5584
"311770",12765
"311780",11218
"311783",7433
"311787",7758
"311790",11444
"311800",55272
"311810",4924
"311820",6878
"311830",138946
"311840",21052
"311850",1569
"311860",651718
"311870",9188
"311880",26138
"311890",7535
"311900",3236
"311910",23988
"311920",11240
"311930",30114
"311940",108708
"311950",8237
"311960",2789
"311970",3599
"311980",2956
"311990",4462
"311995",6333
"312000",2900
"312010",4351
"312015",5256
"312020",12634
"312030",5133
"312040",4719
"312050",10643
"312060",5674
"312070",3616
"312080",15831
"312083",3958
"312087",7662
"312090",84297
"312100",5635
"312110",8133
"312120",8851
"312125",11143
"312130",5070
"312140",7941
"312150",3060
"312160",49493
"312170",3581
"312180",6689
"312190",4481
"312200",21428
"312210",4147
"312220",6583
"312230",243583
"312235",6541
"312240",6002
"312245",10659
"312247",3763
"312250",4967
"312260",5074
"312270",5355
"312280",3184
"312290",6250
"312300",10359
"312310",5114
"312320",12730
"312330",5192
"312340",1498
"312350",1869
"312352",8065
"312360",27429
"312370",14501
"312380",6373
"312385",5295
"312390",15157
"312400",21091
"312410",93103
"312420",24844
"312430",31375
"312440",7132
"312450",11880
"312460",2189
"312470",2711
"312480",6897
"312490",11096
"312500",3986
"312510",59336
"312520",2676
"312530",3230
"312540",5251
"312550",3099
"312560",6575
"312570",14280
"312580",2814
"312590",9603
"312595",10705
"312600",8469
"312610",70897
"312620",8095
"312630",3453
"312640",3230
"312650",7053
"312660",4547
"312670",23753
"312675",5023
"312680",5731
"312690",8301
"312695",3481
"312700",14946
"312705",4389
"312707",4538
"312710",61275
"312720",4934
"312730",6244
"312733",4847
"312735",2991
"312737",2859
"312738",4214
"312740",4922
"312750",5235
"312760",11536
"312770",266561
"312780",14037
"312790",1428
"312800",33517
"312810",14076
"312820",9901
"312825",5224
"312830",19646
"312840",7731
"312850",3091
"312860",6687
"312870",52744
"312880",7285
"312890",8880
"312900",7803
"312910",5154
"312920",6278
"312930",12583
"312940",5346
"312950",22554
"312960",6172
"312965",5113
"312970",10996
"312980",179582
"312990",3440
"313000",2733
"313005",10914
"313010",49120
"313020",11345
"313030",6782
"313040",7358
"313050",13248
"313055",7244
"313060",7537
"313065",6328
"313070",6311
"313080",2632
"313090",22925
"313100",6465
"313110",7615
"313115",17587
"313120",20181
"313130",235311
"313140",3807
"313150",9283
"313160",7467
"313170",118053
"313180",10548
"313190",56369
"313200",4227
"313210",17502
"313220",14415
"313230",10482
"313240",96855
"313250",34210
"313260",3710
"313270",21210
"313280",2168
"313290",11092
"313300",15245
"313310",15751
"313320",11264
"313330",19263
"313340",14014
"313350",21456
"313360",13561
"313370",13779
"313375",14634
"313380",103272
"313390",5747
"313400",13954
"313410",6234
"313420",106775
"313430",6876
"313440",40259
"313450",4366
"313460",21407
"313470",11115
"313480",7668
"313490",26888
"313500",3181
"313505",39639
"313507",4266
"313510",73555
"313520",67123
"313530",4706
"313535",8385
"313540",6476
"313545",6072
"313550",12636
"313560",6379
"313570",6142
"313580",24516
"313590",5320
"313600",14035
"313610",4246
"313620",83791
"313630",48725
"313640",3868
"313650",10541
"313652",3963
"313655",4349
"313657",3557
"313660",6107
"313665",33249
"313670",567730
"313680",3798
"313690",11652
"313695",5937
"313700",14263
"313710",6622
"313720",53927
"313730",3237
"313740",13152
"313750",19614
"313753",9235
"313760",81299
"313770",21502
"313780",21010
"313790",3213
"313800",6018
"313810",7398
"313820",110682
"313830",3272
"313835",4364
"313840",52739
"313850",4744
"313860",17782
"313862",9191
"313865",8963
"313867",7239
"313868",6323
"313870",5744
"313880",18336
"313890",6556
"313900",38809
"313910",5360
"313920",17691
"313925",6082
"313930",19148
"313940",97328
"313950",20939
"313960",27350
"313970",7532
"313980",13180
"313990",14567
"314000",64506
"314010",4323
"314015",16705
"314020",3567
"314030",4796
"314040",3314
"314050",14546
"314053",8797
"314055",9532
"314060",3949
"314070",40814
"314080",14547
"314085",8922
"314090",19115
"314100",12210
"314110",39529
"314120",3912
"314130",4068
"314140",20455
"314150",5614
"314160",10615
"314170",4984
"314180",23843
"314190",3811
"314200",14071
"314210",8961
"314220",13921
"314225",3982
"314230",5314
"314240",7812
"314250",2187
"314260",8565
"314270",14068
"314280",20708
"314290",20497
"314300",13347
"314310",49500
"314315",4437
"314320",21294
"314330",437601
"314340",25107
"314345",6951
"314350",9414
"314360",2426
"314370",3161
"314380",7930
"314390",108447
"314400",28749
"314410",22620
"314420",2400
"314430",35263
"314435",6443
"314437",3642
"314440",4805
"314450",8407
"314460",25757
"314465",10965
"314467",3126
"314470",17813
"314480",120959
"314490",3726
"314500",15220
"314505",6746
"314510",16919
"314520",114791
"314530",27268
"314535",10503
"314537",4612
"314540",1986
"314545",5530
"314550",2618
"314560",40576
"314570",2058
"314580",3024
"314585",5102
"314587",8828
"314590",40638
"314600",33285
"314610",77914
"314620",5847
"314625",5045
"314630",17463
"314640",4253
"314650",8353
"314655",5616
"314660",1495
"314670",5699
"314675",6342
"314690",14202
"314700",99005
"314710",102844
"314720",22452
"314730",21076
"314740",24899
"314750",1609
"314760",15847
"314770",8716
"314780",2311
"314790",116951
"314795",4825
"314800",169173
"314810",94357
"314820",5754
"314830",8757
"314840",4402
"314850",8143
"314860",17863
"314870",25045
"314875",7599
"314880",3366
"314890",4247
"314900",2916
"314910",10891
"314915",10601
"314920",3398
"314930",65174
"314940",1857
"314950",3461
"314960",4265
"314970",13118
"314980",17992
"314990",22075
"314995",6624
"315000",3559
"315010",2854
"315015",8966
"315020",4054
"315030",4694
"315040",5199
"315050",8817
"315053",4864
"315057",7228
"315060",6905
"315070",5814
"315080",17358
"315090",6320
"315100",9518
"315110",11454
"315120",57713
"315130",12006
"315140",27834
"315150",38007
"315160",11533
"315170",16824
"315180",172339
"315190",8438
"315200",32441
"315210",59638
"315213",3797
"315217",11059
"315220",38692
"315230",10840
"315240",13649
"315250",162133
"315260",6779
"315270",9369
"315280",29745
"315290",8534
"315300",3691
"315310",4847
"315320",3471
"315330",3162
"315340",19192
"315350",8606
"315360",12052
"315370",3232
"315380",1796
"315390",16796
"315400",23874
"315410",11383
"315415",8246
"315420",11544
"315430",17629
"315440",4640
"315445",6830
"315450",8858
"315460",346971
"315470",4217
"315480",10698
"315490",12851
"315500",2545
"315510",4649
"315520",5447
"315530",5746
"315540",8683
"315550",15297
"315560",29103
"315570",15036
"315580",17885
"315590",5235
"315600",12770
"315610",5122
"315620",2374
"315630",9168
"315640",3430
"315645",4926
"315650",5460
"315660",10602
"315670",134576
"315680",14309
"315690",28076
"315700",41736
"315710",6126
"315720",31916
"315725",8785
"315727",3218
"315730",4245
"315733",8339
"315737",3919
"315740",4728
"315750",4038
"315760",3528
"315765",6056
"315770",16820
"315780",230382
"315790",16989
"315800",10718
"315810",4777
"315820",12817
"315830",6756
"315840",3548
"315850",7030
"315860",3815
"315870",2171
"315880",4246
"315890",9264
"315895",49025
"315900",5654
"315910",3490
"315920",8561
"315930",4826
"315935",6969
"315940",3331
"315950",5984
"315960",42517
"315970",3487
"315980",21914
"315990",17657
"316000",3896
"316010",4352
"316020",3969
"316030",10324
"316040",28456
"316045",6729
"316050",1856
"316060",2692
"316070",43218
"316080",4846
"316090",4161
"316095",5793
"316100",17783
"316105",3244
"316110",54223
"316120",6281
"316130",5858
"316140",4848
"316150",10524
"316160",3200
"316165",3158
"316170",7515
"316180",12275
"316190",12475
"316200",24497
"316210",43851
"316220",7959
"316225",4962
"316230",3012
"316240",24197
"316245",13547
"316250",94468
"316255",11676
"316257",5479
"316260",7099
"316265",4050
"316270",24706
"316280",15613
"316290",26529
"316292",37017
"316294",8145
"316295",28087
"316300",3849
"316310",4698
"316320",4252
"316330",3482
"316340",5482
"316350",6282
"316360",2844
"316370",46868
"316380",6410
"316390",4973
"316400",7132
"316410",5143
"316420",10562
"316430",7370
"316440",6778
"316443",3239
"316447",6415
"316450",10218
"316460",9527
"316470",75179
"316480",1229
"316490",2385
"316500",11559
"316510",6837
"316520",7107
"316530",6928
"316540",6469
"316550",5140
"316553",39974
"316555",9985
"316556",2420
"316557",6517
"316560",2335
"316570",7977
"316580",2149
"316590",4006
"316600",5577
"316610",3066
"316620",10657
"316630",7552
"316640",1866
"316650",3808
"316660",856
"316670",6859
"316680",12286
"316690",7811
"316695",4497
"316700",2036
"316710",22624
"316720",238909
"316730",2399
"316740",6348
"316750",3084
"316760",20431
"316770",5140
"316780",5733
"316790",4097
"316800",34537
"316805",3508
"316810",4215
"316820",1698
"316830",4394
"316840",15104
"316850",12691
"316860",142851
"316870",84172
"316880",8056
"316890",8231
"316900",16603
"316905",3894
"316910",7625
"316920",8653
"316930",78291
"316935",29985
"316940",57209
"316950",5955
"316960",26583
"316970",20769
"316980",5097
"316990",107423
"317000",11985
"317005",13485
"317010",356781
"317020",761835
"317030",2742
"317040",91320
"317043",3818
"317047",3365
"317050",10899
"317052",18515
"317057",5800
"317060",2207
"317065",4724
"317070",143676
"317075",7305
"317080",34555
"317090",19210
"317100",20459
"317103",7737
"317107",5240
"317110",3478
"317115",5048
"317120",138583
"317130",79517
"317140",3781
"317150",3053
"317160",11774
"317170",9164
"317180",10511
"317190",4471
"317200",40711
"317210",4441
"317220",2377
"320010",32456
"320013",10143
"320016",12585
"320020",30702
"320030",14376
"320035",7760
"320040",33017
"320050",7462
"320060",103363
"320070",11046
"320080",32829
"320090",45415
"320100",14054
"320110",10820
"320115",13718
"320120",198342
"320130",376200
"320140",39575
"320150",129301
"320160",28923
"320170",12472
"320180",5397
"320190",38236
"320200",6902
"320210",22611
"320220",18898
"320225",11484
"320230",31418
"320240",136311
"320245",27543
"320250",12304
"320255",10015
"320260",12790
"320265",14647
"320270",14042
"320280",44020
"320290",10975
"320300",30556
"320305",31551
"320310",12108
"320313",14295
"320316",11597
"320320",183797
"320330",13131
"320332",45953
"320334",18964
"320335",13087
"320340",25088
"320350",19830
"320360",5653
"320370",18809
"320380",14185
"320390",52324
"320400",19120
"320405",21923
"320410",24843
"320420",23912
"320425",6671
"320430",14852
"320435",20350
"320440",11471
"320450",13813
"320455",45575
"320460",23872
"320465",9051
"320470",34272
"320480",11411
"320490",134423
"320495",11256
"320500",579720
"320501",28668
"320503",20390
"320506",25395
"320510",79043
"320515",9319
"320517",14267
"320520",506779
"320530",343378
"330010",179142
"330015",11426
"330020",137906
"330022",12239
"330023",42527
"330025",32822
"330030",98506
"330040",181679
"330045",518384
"330050",29758
"330060",37176
"330070",238438
"330080",59861
"330090",15069
"330093",14329
"330095",9048
"330100",519259
"330110",19995
"330115",13407
"330120",17741
"330130",48636
"330140",21770
"330150",21448
"330160",11355
"330170",866225
"330180",12644
"330185",54311
"330187",29616
"330190",240127
"330200",124021
"330205",14518
"330210",23645
"330220",107297
"330225",32713
"330227",102171
"330230",7584
"330240",264439
"330245",5602
"330250",244142
"330260",43660
"330270",212470
"330280",18048
"330285",178830
"330290",28142
"330300",28416
"330310",15551
"330320",155500
"330330",516787
"330340",203417
"330350",843220
"330360",43627
"330370",44479
"330380",47668
"330385",31370
"330390",294926
"330395",25096
"330400",29066
"330410",17832
"330411",21089
"330412",14165
"330414",149135
"330415",23142
"330420",137697
"330430",59126
"330440",17951
"330450",9267
"330452",168455
"330455",6730729
"330460",10580
"330470",43697
"330475",47397
"330480",41212
"330490",960196
"330500",38740
"330510",466503
"330513",7318
"330515",22813
"330520",110677
"330530",7993
"330540",18291
"330550",95315
"330555",84794
"330560",22028
"330570",15693
"330575",32865
"330580",176735
"330590",10654
"330600",82319
"330610",71449
"330615",10563
"330620",35907
"330630",279971
"350010",35673
"350020",4505
"350030",32886
"350040",7463
"350050",18257
"350055",7460
"350060",2928
"350070",38988
"350075",6373
"350080",4574
"350090",3467
"350100",17197
"350110",3874
"350115",17607
"350120",3979
"350130",28386
"350140",4901
"350150",2919
"350160",247571
"350170",33708
"350180",5981
"350190",69792
"350200",4694
"350210",61625
"350220",24573
"350230",5766
"350240",4118
"350250",33141
"350260",4112
"350270",24857
"350275",22314
"350280",208415
"350290",33832
"350300",5535
"350310",7076
"350315",2355
"350320",253474
"350330",135744
"350335",2089
"350340",8290
"350350",3617
"350360",10242
"350370",7621
"350380",53467
"350390",90273
"350395",1875
"350400",104858
"350410",167161
"350420",13856
"350430",4503
"350440",11436
"350450",96450
"350460",29346
"350470",3969
"350480",9902
"350490",10097
"350500",3632
"350510",5627
"350520",32406
"350530",35129
"350535",5254
"350540",6894
"350550",126957
"350560",33304
"350570",333737
"350580",21936
"350590",59939
"350600",392947
"350610",78257
"350620",2640
"350630",11881
"350635",67436
"350640",7464
"350650",123340
"350660",30564
"350670",13113
"350680",11480
"350690",10710
"350700",63850
"350710",22579
"350715",3609
"350720",932
"350730",4838
"350740",14405
"350745",2801
"350750",151053
"350760",185688
"350770",5477
"350775",2605
"350780",26314
"350790",24501
"350800",20731
"350810",17658
"350820",4458
"350830",4360
"350840",48654
"350850",100071
"350860",32534
"350870",17228
"350880",16907
"350890",3726
"350900",98549
"350910",5599
"350920",98365
"350925",29262
"350930",9210
"350940",24233
"350945",6090
"350950",1187974
"350960",79781
"350970",47956
"350980",5003
"350990",12491
"350995",5068
"351000",30157
"351010",2959
"351015",6589
"351020",47409
"351030",23777
"351040",51369
"351050",142248
"351060",398236
"351070",11476
"351080",28779
"351090",2861
"351100",20485
"351110",119275
"351120",7101
"351130",13314
"351140",22210
"351150",46391
"351160",19707
"351170",15814
"351190",7084
"351200",18880
"351210",6802
"351220",29132
"351230",15345
"351240",25286
"351250",5504
"351260",4271
"351270",4296
"351280",61167
"351290",9019
"351300",289493
"351310",34307
"351320",9600
"351330",2123
"351340",76444
"351350",114870
"351360",22460
"351370",32663
"351380",403579
"351385",1639
"351390",11305
"351400",8986
"351410",24847
"351420",2254
"351430",8169
"351440",46735
"351450",12532
"351460",9764
"351470",6291
"351480",13109
"351490",18168
"351492",3190
"351495",2349
"351500",259788
"351510",68913
"351512",3061
"351515",20261
"351518",40610
"351519",4214
"351520",9696
"351530",2751
"351535",7883
"351540",17029
"351550",73508
"351560",6080
"351565",1692
"351570",186479
"351580",1483
"351590",2747
"351600",13175
"351610",4022
"351620",365494
"351630",171476
"351640",150241
"351650",2813
"351660",6413
"351670",43081
"351680",3203
"351685",4806
"351690",10437
"351700",10337
"351710",4158
"351720",11478
"351730",5609
"351740",40489
"351750",22445
"351760",17225
"351770",18748
"351780",7453
"351790",10554
"351800",1999
"351810",6532
"351820",31888
"351830",32620
"351840",121916
"351850",15285
"351860",38678
"351870",294871
"351880",1349100
"351885",7474
"351890",4259
"351900",9316
"351905",15718
"351907",248842
"351910",10648
"351920",6197
"351925",8313
"351930",33160
"351940",11952
"351950",6450
"351960",62143
"351970",77801
"351980",7982
"351990",7739
"352000",23421
"352010",26696
"352020",10984
"352030",29891
"352040",36559
"352042",14104
"352044",26257
"352050",269657
"352060",5200
"352070",4113
"352080",3671
"352090",13935
"352100",38277
"352110",7027
"352115",7115
"352120",4083
"352130",14701
"352140",22500
"352150",6932
"352160",7120
"352170",18263
"352180",25979
"352190",17502
"352200",3715
"352210",118495
"352215",3497
"352220",163003
"352230",164256
"352240",92393
"352250",242995
"352260",74038
"352265",4420
"352270",40445
"352280",14245
"352290",14035
"352300",4002
"352310",382983
"352320",45213
"352330",15916
"352340",127112
"352350",19462
"352360",16454
"352370",5857
"352380",8227
"352390",175047
"352400",74994
"352410",38413
"352420",6280
"352430",73473
"352440",250952
"352450",7944
"352460",16216
"352470",62309
"352480",50078
"352490",6611
"352500",121550
"352510",47125
"352520",40007
"352530",137409
"352540",4000
"352550",13131
"352560",4464
"352570",37992
"352580",4302
"352585",3132
"352590",463039
"352600",20939
"352610",17184
"352620",27969
"352630",5183
"352640",27044
"352650",9940
"352660",7348
"352670",101537
"352680",68568
"352690",301292
"352700",7158
"352710",76844
"352720",87468
"352725",1962
"352730",54865
"352740",20378
"352750",2423
"352760",12564
"352770",4740
"352780",4004
"352790",2697
"352800",17140
"352810",7581
"352820",4058
"352830",3211
"352840",51888
"352850",97835
"352860",10122
"352870",4619
"352880",12804
"352885",3415
"352890",3526
"352900",247348
"352910",1862
"352920",25240
"352930",81075
"352940",429014
"352950",6420
"352960",4721
"352965",1990
"352970",19621
"352980",11322
"352990",18610
"353000",3209
"353010",28754
"353020",16031
"353030",65811
"353040",4783
"353050",69372
"353060",470302
"353070",160318
"353080",95742
"353090",3830
"353100",1947
"353110",64845
"353120",8923
"353130",48758
"353140",22668
"353150",18337
"353160",4306
"353170",4205
"353180",67832
"353190",28521
"353200",14147
"353205",4071
"353210",3748
"353215",2697
"353220",5956
"353230",7155
"353240",18675
"353250",9953
"353260",9915
"353270",4876
"353280",6885
"353282",8630
"353284",2055
"353286",1072
"353290",9459
"353300",19733
"353310",2188
"353320",4847
"353325",4463
"353330",2817
"353340",64596
"353350",39494
"353360",7570
"353370",4418
"353380",2535
"353390",56874
"353400",4942
"353410",6180
"353420",6157
"353430",39144
"353440",759524
"353450",2502
"353460",32112
"353470",106911
"353475",10660
"353480",7900
"353490",15273
"353500",11704
"353510",9666
"353520",8971
"353530",19714
"353540",15227
"353550",42049
"353560",17959
"353570",6218
"353580",19853
"353590",4118
"353600",10720
"353610",7435
"353620",19603
"353625",3030
"353630",14888
"353640",8255
"353650",116674
"353657",2156
"353660",7390
"353670",46337
"353680",6745
"353690",2856
"353700",15737
"353710",44385
"353715",2833
"353720",11617
"353730",63426
"353740",24360
"353750",9013
"353760",70629
"353770",5631
"353780",54266
"353790",28459
"353800",172681
"353810",14704
"353820",15676
"353830",3287
"353850",12516
"353860",26795
"353870",440835
"353880",30294
"353890",22734
"353900",11085
"353910",18925
"353920",26097
"353930",75594
"353940",15657
"353950",34361
"353960",4451
"353970",3055
"353980",106355
"353990",5702
"354000",20520
"354010",3440
"354020",38286
"354025",4198
"354030",2411
"354040",4182
"354050",10850
"354060",58605
"354070",53966
"354075",20801
"354080",19097
"354085",2589
"354090",17299
"354100",368539
"354105",5264
"354110",3830
"354120",14803
"354130",40322
"354140",234706
"354150",35810
"354160",35973
"354165",3477
"354170",13412
"354180",3366
"354190",9074
"354200",7260
"354210",9145
"354220",29387
"354230",4637
"354240",20620
"354250",7820
"354260",61927
"354270",6486
"354280",3158
"354290",11040
"354300",18942
"354310",4717
"354320",4776
"354323",2040
"354325",7571
"354330",118954
"354340",731639
"354350",5628
"354360",4179
"354370",9101
"354380",9334
"354390",210323
"354400",32329
"354410",45324
"354420",10444
"354425",17434
"354430",11137
"354440",2740
"354450",3998
"354460",5182
"354470",2522
"354480",6645
"354490",11683
"354500",15381
"354510",4883
"354515",8407
"354520",141111
"354530",45262
"354540",9221
"354550",3697
"354560",14193
"354570",6566
"354580",189456
"354600",14219
"354610",2694
"354620",4375
"354625",2168
"354630",29489
"354640",47759
"354650",6274
"354660",36288
"354670",23192
"354680",54691
"354690",7144
"354700",5308
"354710",3017
"354720",1699
"354730",163787
"354740",2796
"354750",24996
"354760",23710
"354765",1692
"354770",17960
"354780",782048
"354790",6933
"354800",23867
"354805",8593
"354810",6243
"354820",7314
"354830",3069
"354840",3921
"354850",429547
"354860",11989
"354870",841154
"354880",172693
"354890",266427
"354900",2623
"354910",96080
"354920",2623
"354925",1882
"354930",2293
"354940",49885
"354950",7664
"354960",3888
"354970",53427
"354980",504166
"354990",727078
"354995",16479
"355000",10487
"355010",38131
"355020",32924
"355030",11904961
"355040",39855
"355050",7333
"355060",81366
"355070",84280
"355080",10428
"355090",13560
"355100",338326
"355110",10677
"355120",3772
"355130",3191
"355140",13108
"355150",45580
"355160",31047
"355170",132176
"355180",12903
"355190",14693
"355200",6329
"355210",41527
"355220",762172
"355230",7464
"355240",291116
"355250",320261
"355255",3465
"355260",11498
"355270",14997
"355280",285307
"355290",6418
"355300",13068
"355310",5744
"355320",6770
"355330",21650
"355340",26071
"355350",8122
"355360",11903
"355365",2649
"355370",53264
"355380",24932
"355385",7170
"355390",6633
"355395",15315
"355400",129130
"355410",322397
"355420",4119
"355430",22598
"355440",7965
"355450",38723
"355460",2484
"355465",2056
"355470",9484
"355475",1724
"355480",53426
"355490",7060
"355495",6976
"355500",65433
"355510",16259
"355520",1835
"355530",1662
"355535",5458
"355540",97096
"355550",5289
"355560",10670
"355570",1628
"355580",8973
"355590",1424
"355600",14073
"355610",14634
"355620",132258
"355630",24779
"355635",10863
"355640",41256
"355645",52352
"355650",119655
"355660",10274
"355670",79089
"355680",17685
"355690",8368
"355695",1828
"355700",133510
"355710",100568
"355715",2773
"355720",12415
"355730",11609
"410010",7233
"410020",6319
"410030",10770
"410040",125861
"410045",3496
"410050",18634
"410060",14183
"410070",9771
"410080",10481
"410090",4688
"410100",20337
"410105",2971
"410110",19989
"410115",3357
"410120",18140
"410130",7048
"410140",134910
"410150",124838
"410160",26325
"410165",3573
"410170",14894
"410180",162247
"410185",2351
"410190",13477
"410200",38357
"410210",26203
"410220",4046
"410230",13867
"410240",31747
"410250",10580
"410260",9903
"410270",2872
"410275",4122
"410280",14982
"410290",15650
"410300",4595
"410302",2421
"410304",6241
"410305",8023
"410310",13405
"410315",4072
"410320",6674
"410322",3244
"410330",7818
"410335",4745
"410337",3861
"410340",2648
"410345",20145
"410347",4580
"410350",8963
"410360",23393
"410370",110923
"410380",10045
"410390",16014
"410395",3954
"410400",50600
"410405",3997
"410410",7693
"410420",144504
"410425",31888
"410430",104122
"410440",15081
"410442",15174
"410445",10672
"410450",21088
"410460",14776
"410465",24469
"410470",17788
"410480",368195
"410490",75644
"410500",10621
"410510",10903
"410520",16287
"410530",11255
"410540",21604
"410550",82988
"410560",11705
"410570",14833
"410580",241672
"410590",23313
"410600",8445
"410610",3474
"410620",20006
"410630",17933
"410640",45720
"410645",5427
"410650",24010
"410655",3770
"410657",4129
"410660",24859
"410670",4543
"410680",15759
"410685",2870
"410690",1830795
"410700",13784
"410710",5139
"410712",3147
"410715",4513
"410720",47589
"410725",9631
"410730",6517
"410740",6146
"410750",12347
"410752",1852
"410753",4770
"410754",4880
"410755",2994
"410760",16596
"410765",165943
"410770",4488
"410773",6400
"410775",8129
"410780",4805
"410785",4342
"410790",11522
"410800",11653
"410810",2711
"410820",7763
"410830",297352
"410832",8573
"410840",102312
"410845",4893
"410850",10691
"410855",2911
"410860",30025
"410865",6469
"410870",5527
"410880",33058
"410890",6762
"410895",7916
"410900",4857
"410910",2210
"410920",4743
"410930",13770
"410940",189630
"410950",7446
"410960",44913
"410965",4803
"410970",29464
"410975",6343
"410980",53276
"410990",9149
"411000",5693
"411005",2156
"411007",15068
"411010",30849
"411020",9555
"411030",2481
"411040",4544
"411050",14317
"411060",16102
"411065",2328
"411070",61004
"411080",10832
"411090",4530
"411095",12116
"411100",5819
"411110",6228
"411120",12869
"411125",33310
"411130",3607
"411140",13476
"411150",33566
"411155",6788
"411160",2685
"411170",5655
"411180",41493
"411190",15908
"411200",36384
"411210",21930
"411220",5807
"411230",5054
"411240",9393
"411250",12138
"411260",1349
"411270",11996
"411275",10954
"411280",12341
"411290",3372
"411295",7899
"411300",6786
"411310",4666
"411320",45878
"411325",5525
"411330",33179
"411340",3725
"411342",3987
"411345",5217
"411350",23966
"411360",4707
"411370",581382
"411373",6659
"411375",4864
"411380",4929
"411390",13681
"411400",13551
"411410",34521
"411420",38313
"411430",29104
"411435",2790
"411440",16737
"411450",14675
"411460",58734
"411470",5926
"411480",44749
"411490",8761
"411500",7450
"411510",9910
"411520",429660
"411530",6506
"411535",6824
"411540",16605
"411545",4491
"411550",4780
"411560",19223
"411570",42063
"411573",3249
"411575",9689
"411580",57910
"411585",6194
"411590",2248
"411600",2017
"411605",11423
"411610",9949
"411620",19089
"411630",4057
"411640",3669
"411650",1322
"411660",3286
"411670",14331
"411680",6739
"411690",27142
"411695",5783
"411700",7140
"411705",12298
"411710",13074
"411720",5982
"411721",4308
"411722",8581
"411725",13340
"411727",6852
"411729",3227
"411730",24706
"411740",3193
"411745",7102
"411750",48695
"411760",50238
"411770",34948
"411780",12879
"411790",37039
"411800",13728
"411810",9549
"411820",150104
"411830",2352
"411840",96209
"411845",6004
"411850",97821
"411860",5706
"411870",6414
"411880",13494
"411885",7599
"411890",12389
"411900",6218
"411910",14409
"411915",131255
"411920",6676
"411925",2805
"411930",30451
"411940",23977
"411950",127433
"411960",34527
"411965",3141
"411970",4125
"411980",14722
"411990",375632
"411995",33131
"412000",11271
"412010",4072
"412015",3057
"412020",3370
"412030",3515
"412033",3816
"412035",5831
"412040",4304
"412050",10064
"412060",50946
"412065",4127
"412070",8426
"412080",25397
"412085",4672
"412090",31423
"412100",10625
"412110",5052
"412120",18882
"412125",4279
"412130",3472
"412135",2623
"412140",20097
"412150",14825
"412160",6945
"412170",24878
"412175",6493
"412180",12856
"412190",13158
"412200",14174
"412210",3214
"412215",14297
"412217",3841
"412220",40308
"412230",31951
"412240",75818
"412250",11339
"412260",9255
"412265",5484
"412270",9511
"412280",4090
"412290",5214
"412300",15706
"412310",3358
"412320",3357
"412330",8840
"412340",11730
"412350",26461
"412360",1745
"412370",9043
"412380",14462
"412382",3638
"412385",9869
"412390",10941
"412395",3361
"412400",5646
"412402",13938
"412405",25300
"412410",45628
"412420",2474
"412430",2088
"412440",24980
"412450",6463
"412460",6727
"412470",10884
"412480",12297
"412490",5607
"412500",10639
"412510",13899
"412520",9587
"412530",5170
"412535",6690
"412540",6023
"412545",4031
"412550",349880
"412555",2176
"412560",43490
"412570",30416
"412575",5730
"412580",8514
"412590",2726
"412600",8063
"412610",5282
"412620",6778
"412625",128106
"412627",6413
"412630",17256
"412635",5161
"412640",5654
"412650",16210
"412660",24031
"412665",3498
"412667",10540
"412670",4986
"412680",16326
"412690",5807
"412700",9540
"412710",77479
"412720",18168
"412730",14961
"412740",18636
"412750",20374
"412760",18458
"412770",160701
"412780",8523
"412785",11157
"412788",6304
"412790",8067
"412795",8208
"412796",14101
"412800",25732
"412810",123059
"412820",56560
"412830",2106
"412840",10308
"412850",19398
"412853",9760
"412855",8178
"412860",8077
"412862",3067
"412863",5744
"412865",3828
"412870",10549
"412880",5835
"420005",2629
"420010",17767
"420020",11646
"420030",6511
"420040",6587
"420050",6123
"420055",3000
"420060",7193
"420070",10963
"420075",1847
"420080",5955
"420090",5484
"420100",8339
"420110",3761
"420120",12464
"420125",10041
"420127",4505
"420130",52079
"420140",76611
"420150",9289
"420160",3634
"420165",2623
"420170",8720
"420180",3265
"420190",7241
"420195",17786
"420200",151674
"420205",16953
"420207",17986
"420208",3265
"420209",1642
"420210",52860
"420213",5939
"420215",2712
"420220",10757
"420230",83756
"420240",385558
"420243",3639
"420245",28738
"420250",3995
"420253",2896
"420257",2240
"420260",8422
"420270",5705
"420280",35985
"420285",4256
"420287",2433
"420290",155307
"420300",76298
"420310",6441
"420315",3519
"420320",117324
"420325",2636
"420330",12886
"420340",7324
"420350",9864
"420360",39049
"420370",13618
"420380",56948
"420390",24414
"420395",25015
"420400",11033
"420410",4752
"420415",2864
"420417",3303
"420419",3053
"420420",282648
"420425",18106
"420430",87206
"420435",5192
"420440",10604
"420445",1993
"420450",15912
"420455",16253
"420460",227438
"420470",11242
"420475",2026
"420480",41741
"420490",8652
"420500",15316
"420510",4435
"420515",3729
"420517",3561
"420519",2354
"420520",5137
"420530",11537
"420535",1868
"420540",587486
"420543",2752
"420545",34771
"420550",34065
"420555",2437
"420560",3168
"420570",34070
"420580",19970
"420590",78344
"420600",18280
"420610",6403
"420620",13158
"420630",26645
"420640",11071
"420650",51009
"420660",4893
"420665",9611
"420670",22222
"420675",2061
"420680",3295
"420690",20900
"420700",63489
"420710",18627
"420720",12150
"420730",57256
"420740",6166
"420750",77888
"420757",2967
"420760",4622
"420765",9759
"420768",8133
"420770",8121
"420775",3981
"420780",10560
"420785",2098
"420790",10427
"420800",7370
"420810",22906
"420820",294850
"420830",86116
"420840",17268
"420845",36033
"420850",28461
"420860",4461
"420870",10818
"420880",21570
"420890",199519
"420895",1810
"420900",31809
"420910",664541
"420915",6415
"420917",2713
"420920",2302
"420930",172458
"420940",44060
"420945",1791
"420950",8605
"420960",14628
"420970",11575
"420980",3379
"420985",4604
"420990",13829
"421000",12246
"421003",5951
"421005",1796
"421010",57262
"421020",3253
"421030",7543
"421040",8344
"421050",30743
"421055",2218
"421060",18122
"421070",2789
"421080",7128
"421085",2554
"421090",4159
"421100",10206
"421105",9218
"421110",7747
"421120",19490
"421125",3097
"421130",96046
"421140",5490
"421145",4672
"421150",14395
"421160",14004
"421165",2661
"421170",24686
"421175",17873
"421180",7062
"421185",2195
"421187",2007
"421189",2216
"421190",253469
"421200",7696
"421205",2658
"421210",15781
"421220",19769
"421223",4394
"421225",14859
"421227",3997
"421230",9879
"421240",4355
"421250",36995
"421260",3040
"421265",10615
"421270",6996
"421280",30593
"421290",23897
"421300",3631
"421310",6144
"421315",3081
"421320",37003
"421330",4390
"421335",3241
"421340",10732
"421350",31557
"421360",33694
"421370",18051
"421380",8696
"421390",1707
"421400",21764
"421410",2347
"421415",3073
"421420",11433
"421430",3484
"421440",6399
"421450",6638
"421460",8071
"421470",11218
"421480",77451
"421490",5044
"421500",40132
"421505",2429
"421507",4828
"421510",13491
"421520",4684
"421530",7656
"421535",3604
"421540",4495
"421545",13797
"421550",15749
"421555",2476
"421560",2131
"421565",10450
"421567",8015
"421568",2534
"421569",1732
"421570",30099
"421575",2715
"421580",87661
"421590",2982
"421600",10462
"421605",6489
"421610",9343
"421620",56726
"421625",6467
"421630",35336
"421635",4827
"421640",9278
"421650",26982
"421660",295658
"421670",14538
"421680",8706
"421690",26056
"421700",14444
"421710",3520
"421715",1777
"421720",47724
"421725",6175
"421730",10799
"421740",21710
"421750",19399
"421755",3370
"421760",14156
"421770",31722
"421775",2900
"421780",18909
"421790",8144
"421795",2535
"421800",58695
"421810",5503
"421820",49768
"421825",7521
"421830",20525
"421835",3920
"421840",7633
"421850",9531
"421860",7599
"421870",116725
"421875",5081
"421880",13604
"421885",2791
"421890",11064
"421895",2751
"421900",21464
"421910",3726
"421915",2613
"421917",4597
"421920",6266
"421930",59074
"421935",5507
"421940",4513
"421950",54891
"421960",3583
"421970",34485
"421985",4257
"422000",17697
"430003",4251
"430005",4003
"430010",16341
"430020",6843
"430030",6219
"430040",74285
"430045",3705
"430047",2007
"430050",7235
"430055",1837
"430057",3145
"430060",194062
"430063",5384
"430064",7826
"430066",1156
"430070",6080
"430080",13332
"430085",4215
"430087",8831
"430090",6618
"430100",22523
"430105",11418
"430107",2650
"430110",14934
"430120",12291
"430130",17879
"430140",10547
"430150",7303
"430155",3458
"430160",121928
"430163",15413
"430165",6496
"430170",7320
"430175",5972
"430180",4915
"430185",3231
"430187",4340
"430190",12473
"430192",1721
"430195",2557
"430200",9425
"430205",2118
"430210",127977
"430215",1968
"430220",7129
"430222",2269
"430223",2314
"430225",2815
"430230",11429
"430235",13665
"430237",2132
"430240",12587
"430245",6202
"430250",5978
"430258",2195
"430260",3322
"430265",5083
"430270",19421
"430280",33501
"430290",11300
"430300",82222
"430310",141503
"430320",4692
"430330",4795
"430340",4931
"430350",63961
"430355",3060
"430360",6490
"430367",3311
"430370",5999
"430380",5388
"430390",64719
"430400",5063
"430410",3695
"430420",29775
"430430",6419
"430435",11012
"430440",50715
"430450",50968
"430460",359840
"430461",1686
"430462",1769
"430463",66234
"430465",3187
"430466",27416
"430467",4080
"430468",11424
"430469",2994
"430470",63670
"430471",7555
"430480",31585
"430485",1384
"430490",9698
"430495",3064
"430500",8834
"430510",479599
"430511",2777
"430512",5910
"430513",3859
"430515",2428
"430517",9333
"430520",14014
"430530",9751
"430535",36110
"430537",2800
"430540",3991
"430543",6409
"430544",4682
"430545",17583
"430550",4208
"430558",2474
"430560",3316
"430570",6538
"430580",10631
"430583",1308
"430585",2248
"430587",2896
"430590",6214
"430593",1637
"430595",3926
"430597",2718
"430600",13116
"430605",7455
"430607",2745
"430610",60454
"430613",1650
"430620",12574
"430630",4400
"430632",2793
"430635",2540
"430637",2856
"430640",31804
"430642",2132
"430645",3156
"430650",13280
"430655",2617
"430660",38080
"430670",3133
"430673",4534
"430675",1924
"430676",41012
"430680",23520
"430690",24275
"430692",1315
"430693",9367
"430695",2727
"430697",3122
"430700",109609
"430705",3097
"430710",6302
"430720",5027
"430730",6892
"430740",3264
"430745",3293
"430750",15478
"430755",5685
"430760",49499
"430770",78144
"430780",33263
"430781",3115
"430783",2683
"430786",2620
"430790",72552
"430800",6846
"430805",2572
"430807",4405
"430810",13994
"430820",32015
"430825",1690
"430830",9710
"430840",6527
"430843",2441
"430845",4569
"430850",33726
"430860",35563
"430865",2724
"430870",5779
"430880",7743
"430885",1784
"430890",16955
"430900",16273
"430905",7851
"430910",41705
"430912",2047
"430915",3350
"430920",275430
"430925",1441
"430930",95946
"430940",26168
"430950",7547
"430955",5535
"430957",2604
"430960",19252
"430965",6102
"430970",4772
"430975",3787
"430980",4617
"430990",6827
"430995",3789
"431000",22106
"431010",34776
"431020",87848
"431030",4245
"431033",28027
"431036",3149
"431040",6557
"431041",2047
"431043",5490
"431046",1748
"431050",7619
"431053",5712
"431055",3038
"431057",1963
"431060",36811
"431065",2696
"431070",3240
"431075",1962
"431080",23566
"431085",3847
"431087",2066
"431090",3398
"431100",27396
"431110",10771
"431112",3751
"431113",3412
"431115",7294
"431120",18545
"431123",2283
"431125",5421
"431127",1781
"431130",28622
"431140",96879
"431142",2661
"431150",7290
"431160",4845
"431162",6420
"431164",1721
"431170",5867
"431171",4485
"431173",3203
"431175",6915
"431177",7593
"431179",2521
"431180",46748
"431190",4382
"431198",4005
"431200",1884
"431205",4050
"431210",4782
"431213",2611
"431215",5001
"431217",1833
"431220",4251
"431225",7661
"431230",4501
"431235",1530
"431237",3251
"431238",2608
"431240",66352
"431242",2815
"431244",3133
"431245",6168
"431247",6167
"431250",12347
"431260",4692
"431261",2937
"431262",1754
"431265",18335
"431267",1982
"431270",14074
"431275",3229
"431280",5098
"431290",9867
"431295",2089
"431300",3104
"431301",3138
"431303",4976
"431306",20558
"431308",2389
"431310",5676
"431320",23934
"431330",26637
"431333",2198
"431335",3545
"431337",30189
"431339",3633
"431340",235802
"431342",3239
"431344",2187
"431346",1677
"431349",4375
"431350",48999
"431360",3685
"431365",13189
"431370",34227
"431380",8042
"431390",45102
"431395",10443
"431400",7362
"431402",6627
"431403",4441
"431405",53569
"431406",4024
"431407",6155
"431410",214811
"431413",2188
"431415",8146
"431417",2099
"431420",7631
"431430",3817
"431440",336150
"431442",5473
"431445",3039
"431446",2300
"431447",3861
"431449",4638
"431450",11395
"431454",2785
"431455",2255
"431460",17770
"431470",10624
"431475",2224
"431477",3345
"431478",1602
"431480",35273
"431490",1388794
"431500",4414
"431505",2173
"431507",1582
"431510",10127
"431513",1771
"431514",3166
"431515",5423
"431517",2070
"431520",3809
"431530",23995
"431531",1577
"431532",2553
"431535",4003
"431540",9931
"431545",1826
"431550",15205
"431555",2866
"431560",198935
"431570",35641
"431575",4574
"431580",10646
"431590",6831
"431595",2330
"431600",21752
"431610",9969
"431620",5078
"431630",6693
"431640",37674
"431642",2528
"431643",2619
"431645",10357
"431647",2955
"431650",7184
"431660",16770
"431670",8269
"431673",1710
"431675",7079
"431680",138270
"431690",282395
"431695",6486
"431697",2661
"431700",7128
"431710",87329
"431720",79488
"431725",1529
"431730",31965
"431740",50336
"431750",79146
"431755",2134
"431760",44431
"431770",10485
"431775",2138
"431780",14196
"431790",15667
"431795",2395
"431800",61311
"431805",2806
"431810",17934
"431820",22388
"431830",60090
"431840",21412
"431842",4547
"431843",2708
"431844",2976
"431845",2399
"431846",1931
"431848",4555
"431849",2466
"431850",26248
"431860",6978
"431861",2443
"431862",4295
"431870",225737
"431880",43278
"431890",35865
"431900",21549
"431910",5587
"431912",2908
"431915",7193
"431920",5243
"431930",5943
"431935",3618
"431936",1790
"431937",3142
"431940",15863
"431950",24898
"431960",21551
"431970",3320
"431971",2255
"431973",2593
"431975",2309
"431980",8257
"431990",77935
"432000",136572
"432010",23374
"432020",12325
"432023",2750
"432026",6098
"432030",5222
"432032",2725
"432035",5424
"432040",17407
"432045",2089
"432050",5630
"432055",5989
"432057",1881
"432060",3463
"432065",2056
"432067",8685
"432070",14512
"432080",30939
"432085",4569
"432090",25256
"432100",10824
"432110",14920
"432120",54353
"432130",25963
"432132",3192
"432135",5319
"432140",14820
"432143",10575
"432145",34023
"432146",3358
"432147",5188
"432149",2594
"432150",43344
"432160",56430
"432162",2192
"432163",2636
"432166",11224
"432170",24428
"432180",25466
"432183",2813
"432185",4829
"432190",26304
"432195",7785
"432200",28435
"432210",5646
"432215",3732
"432218",1396
"432220",20324
"432225",5172
"432230",8535
"432232",3488
"432234",2025
"432235",1183
"432237",2047
"432240",120819
"432250",66146
"432252",3213
"432253",10069
"432254",6223
"432255",2047
"432260",70842
"432270",27670
"432280",24554
"432285",1851
"432290",4847
"432300",231996
"432310",4741
"432320",2829
"432330",3741
"432335",2121
"432340",4515
"432345",3932
"432350",2710
"432360",1624
"432370",2843
"432375",3316
"432377",3223
"432380",16949
"500020",17901
"500025",4649
"500060",41751
"500070",24781
"500080",7688
"500085",11308
"500090",9717
"500100",29826
"500110",48689
"500124",11125
"500150",8342
"500190",24222
"500200",10947
"500210",21881
"500215",8887
"500220",25034
"500230",11833
"500240",32748
"500260",13928
"500270",962883
"500280",5096
"500290",21565
"500295",34606
"500310",4892
"500315",14685
"500320",98751
"500325",28740
"500330",33440
"500345",14317
"500348",11521
"500350",5768
"500370",264017
"500375",11622
"500380",21504
"500390",3751
"500400",10817
"500410",10116
"500430",13960
"500440",8764
"500450",25263
"500460",20060
"500470",30001
"500480",8441
"500490",7480
"500500",24504
"500510",3596
"500515",7067
"500520",22425
"500525",7037
"500540",48073
"500560",26512
"500568",20087
"500570",53014
"500580",13354
"500600",23409
"500620",50848
"500625",4801
"500627",5842
"500630",42638
"500635",13368
"500640",6910
"500660",98598
"500690",12721
"500710",24152
"500720",40419
"500730",4921
"500740",20454
"500750",5451
"500755",7165
"500769",32207
"500770",11322
"500780",8716
"500790",49735
"500793",14813
"500795",11205
"500797",3740
"500800",18182
"500830",143523
"500840",6505
"510010",4948
"510020",32099
"510025",62158
"510030",17751
"510035",5920
"510040",13956
"510050",7525
"510060",11877
"510080",8693
"510100",4005
"510120",997
"510125",14805
"510130",10769
"510140",26558
"510160",7137
"510170",29406
"510180",73878
"510183",5877
"510185",7912
"510190",17645
"510250",91767
"510260",15808
"510263",51722
"510267",49053
"510268",9946
"510269",4451
"510270",28324
"510279",10260
"510285",7392
"510300",19458
"510305",9301
"510310",6495
"510320",32054
"510325",26026
"510330",18469
"510335",38460
"510336",3908
"510337",10030
"510340",691875
"510343",4970
"510345",6675
"510350",22623
"510360",7890
"510370",10523
"510380",3056
"510385",9397
"510390",6319
"510395",2878
"510410",31209
"510420",10252
"510450",2172
"510452",8658
"510454",8257
"510455",5201
"510460",12587
"510480",29803
"510490",7413
"510500",7881
"510510",36089
"510515",48396
"510517",10057
"510520",11622
"510523",4662
"510525",95792
"510530",2616
"510550",17592
"510558",11355
"510560",21959
"510562",27637
"510590",15796
"510600",5890
"510610",11658
"510615",14340
"510617",4575
"510618",7072
"510619",4502
"510620",3791
"510621",11734
"510622",63455
"510623",16204
"510624",9760
"510625",25915
"510626",6368
"510627",3267
"510628",7239
"510629",12079
"510630",28870
"510631",2041
"510637",18946
"510642",33754
"510645",3328
"510650",31203
"510665",7441
"510670",2098
"510675",55762
"510677",12649
"510680",5705
"510682",10088
"510685",3141
"510700",25103
"510704",96006
"510706",31100
"510710",17721
"510715",2020
"510718",10541
"510719",2733
"510720",4440
"510724",5795
"510726",2416
"510729",2716
"510730",14455
"510735",6234
"510740",4250
"510757",3518
"510760",263708
"510770",15041
"510774",2904
"510775",3657
"510776",3536
"510777",7737
"510779",4244
"510780",16839
"510785",14604
"510787",32514
"510788",1941
"510790",223780
"510792",124665
"510794",9895
"510795",114603
"510800",15638
"510805",10591
"510810",2935
"510820",4238
"510830",3904
"510835",2892
"510840",318922
"510850",10758
"510860",19686
"510880",4546
"510885",3731
"510890",5705
"510895",8470
"520005",22052
"520010",17738
"520013",22079
"520015",2282
"520017",4979
"520020",1843
"520025",245352
"520030",28244
"520050",1977
"520055",6487
"520060",11182
"520080",8619
"520082",3267
"520085",5260
"520090",2906
"520110",420300
"520120",913
"520130",18306
"520140",556021
"520145",3045
"520150",4488
"520160",3840
"520170",18601
"520180",12806
"520215",7152
"520235",2904
"520250",8570
"520260",3237
"520280",2993
"520310",3306
"520320",10853
"520330",37305
"520340",7775
"520350",24925
"520355",11025
"520357",3289
"520360",4201
"520380",5798
"520390",10930
"520393",2800
"520396",3140
"520400",7689
"520410",11854
"520420",1417
"520425",7762
"520430",14034
"520440",16628
"520450",106820
"520455",4819
"520460",3879
"520465",3760
"520470",12983
"520480",7807
"520485",8579
"520490",18227
"520495",3822
"520500",9988
"520505",2871
"520510",122760
"520520",5352
"520530",9730
"520540",22570
"520545",8301
"520547",14321
"520549",101570
"520551",27196
"520552",4188
"520570",2441
"520580",10724
"520590",9484
"520620",66827
"520630",3670
"520640",17532
"520650",3999
"520660",2951
"520670",3917
"520680",2753
"520690",1889
"520710",1991
"520725",6823
"520735",4104
"520740",11982
"520750",3214
"520753",7167
"520760",5842
"520780",10274
"520790",14273
"520800",121559
"520810",4662
"520815",3563
"520830",4405
"520840",14758
"520850",4962
"520860",78009
"520870",1503256
"520880",81495
"520890",24172
"520910",36984
"520915",4313
"520920",20985
"520929",2170
"520940",4091
"520945",2154
"520960",3342
"520970",30587
"520980",3477
"520990",10289
"520993",6076
"520995",17985
"521000",53884
"521010",26223
"521015",2968
"521020",37283
"521030",2515
"521040",47603
"521056",5120
"521060",4837
"521080",4276
"521090",21891
"521100",8133
"521120",26553
"521130",6124
"521140",7636
"521150",113322
"521160",2731
"521170",6365
"521180",46633
"521190",111634
"521200",2939
"521205",2112
"521210",7247
"521220",19926
"521225",1435
"521230",9123
"521250",221262
"521260",2631
"521270",8493
"521280",10806
"521290",2942
"521295",4004
"521300",10145
"521305",2626
"521308",26616
"521310",74999
"521340",1687
"521350",6534
"521370",9024
"521375",13094
"521377",3743
"521380",54326
"521385",2505
"521390",4626
"521400",15199
"521405",6202
"521410",3540
"521440",8349
"521450",34273
"521460",33890
"521470",2380
"521480",2132
"521483",13153
"521486",8356
"521487",3084
"521490",3022
"521500",9883
"521520",3567
"521523",107663
"521525",3703
"521530",17035
"521540",4109
"521550",7665
"521560",37207
"521565",3113
"521570",34375
"521580",2266
"521590",3959
"521600",2432
"521630",7356
"521640",10727
"521645",2999
"521680",9519
"521690",2254
"521710",25373
"521720",11940
"521730",28028
"521740",33736
"521760",112304
"521770",18763
"521800",45512
"521805",4276
"521810",3191
"521830",36291
"521839",3750
"521850",50329
"521860",12665
"521870",3893
"521878",4033
"521880",241494
"521890",20186
"521900",8085
"521910",6306
"521920",3004
"521925",5047
"521930",39601
"521935",3543
"521940",5765
"521945",2611
"521950",2828
"521960",3172
"521970",10837
"521971",4279
"521973",8066
"521975",75221
"521980",9457
"521990",6507
"522000",15026
"522005",1812
"522010",35288
"522015",4939
"522020",22040
"522026",4671
"522028",2200
"522040",17181
"522045",175042
"522050",8237
"522060",23150
"522068",5634
"522070",2978
"522100",4180
"522108",2660
"522119",8340
"522130",2976
"522140",153560
"522145",3080
"522150",4449
"522155",5171
"522157",2798
"522160",44533
"522170",13857
"522180",3700
"522185",218416
"522190",3770
"522200",15644
"522205",9175
"522220",4145
"522230",6028
"530010",2996899
